Series Name,"Series Code","Country Name","Country Code","1990 [YR1990]","2000 [YR2000]","2011 [YR2011]","2012 [YR2012]","2013 [YR2013]","2014 [YR2014]","2015 [YR2015]","2016 [YR2016]","2017 [YR2017]","2018 [YR2018]","2019 [YR2019]","2020 [YR2020]"
Military expenditure (current USD),"MS.MIL.XPND.CD","Afghanistan","AFG","..","..","325807003.657989","238583385.374322","217194107.113298","268227074.235808","199518614.831897","185878310.062383","191407113.244397","198074728.574408","226874362.206615",".."
Military expenditure (current USD),"MS.MIL.XPND.CD","Albania","ALB","..","45362503.3922719","197006789.236335","183204695.660212","180015508.820867","178120368.027763","132350667.590834","130853162.620284","144382688.719935","175886688.575874","197517156.015072",".."
Military expenditure (current USD),"MS.MIL.XPND.CD","Algeria","DZA","904269155.155841","1881163649.11945","8652237040.00252","9326287144.03632","10161588239.1481","9724379971.92326","10412714002.8964","10217081699.5693","10073364021.3013","9583724288.3703","10303600575.2107",".."
Military expenditure (current USD),"MS.MIL.XPND.CD","American Samoa","ASM","..","..","..","..","..","..","..","..","..","..","..",".."
Military expenditure (current USD),"MS.MIL.XPND.CD","Andorra","AND","..","..","..","..","..","..","..","..","..","..","..",".."
Military expenditure (current USD),"MS.MIL.XPND.CD","Angola","AGO","1751153151.94866","583621333.598924","3639496373.5446","4144634851.46856","6090751702.00884","6846249313.34052","3608299114.61674","2764054937.15976","3062872913.9838","1983613748.00089","1470938717.28754",".."
Military expenditure (current USD),"MS.MIL.XPND.CD","Antigua and Barbuda","ATG","..","..","..","..","..","..","..","..","..","..","..",".."
Military expenditure (current USD),"MS.MIL.XPND.CD","Argentina","ARG","2050907629.17129","3266633316.65833","4051930104.57065","4563217858.77234","5137974300.9699","4979442724.4582","5482616700.96393","4509647660.05234","5459643672.45401","3842852365.3176","3143285844.82472",".."
Military expenditure (current USD),"MS.MIL.XPND.CD","Armenia","ARM","..","68052142.0654426","390871433.902191","380571678.896068","444551859.501106","457807021.791353","447379807.506819","431396218.601658","443610413.340995","608854649.862522","673280844.483572",".."
Military expenditure (current USD),"MS.MIL.XPND.CD","Aruba","ABW","..","..","..","..","..","..","..","..","..","..","..",".."
Military expenditure (current USD),"MS.MIL.XPND.CD","Australia","AUS","6704213698.03132","7273760312.61052","26597198655.3381","26216580848.4356","24825262588.8168","25783708714.0042","24046205860.2554","26382947050.0183","27691112416.8515","26839820914.4018","25912378303.1989",".."
Military expenditure (current USD),"MS.MIL.XPND.CD","Austria","AUT","1972701681.51639","1925557398.19421","3409721208.58269","3187227448.7533","3229065841.34293","3305159256.48245","2665409781.52379","2885947386.10357","3138359204.00295","3387982011.96842","3237796686.07255",".."
Military expenditure (current USD),"MS.MIL.XPND.CD","Azerbaijan","AZE","..","119575651.71524","3080084995.80846","3246122612.63039","3367574161.19744","3427179917.06482","2900551382.15215","1396969107.65832","1528859592.29385","1672176470.58824","1854235294.11765",".."
Military expenditure (current USD),"MS.MIL.XPND.CD","Bahamas, The","BHS","..","..","..","..","..","..","..","..","..","..","..",".."
Military expenditure (current USD),"MS.MIL.XPND.CD","Bahrain","BHR","239361702.12766","359042553.191489","1033510638.29787","1182180851.06383","1347606382.97872","1475265957.44681","1442021276.59574","1505534574.46809","1532712765.95745","1527659574.46809","1404787234.04255",".."
Military expenditure (current USD),"MS.MIL.XPND.CD","Bangladesh","BGD","373023438.959292","740798160.005685","1801539801.81356","1823425076.37789","2047989070.87034","2355991524.71152","2815281640.95454","3239753509.63918","3266033239.35658","3692284518.36065","4358147797.25249",".."
Military expenditure (current USD),"MS.MIL.XPND.CD","Barbados","BRB","..","..","..","..","..","..","..","..","..","..","..",".."
Military expenditure (current USD),"MS.MIL.XPND.CD","Belarus","BLR","..","140326204.73339","756277351.280397","817069894.085331","971107820.33885","1010827013.91149","723659954.96041","597207572.121991","631145399.244181","715166688.689712","780097075.771705",".."
Military expenditure (current USD),"MS.MIL.XPND.CD","Belgium","BEL","4644324240.80376","3190805233.09379","5499370964.2666","5168997833.7235","5263164882.84678","5191507314.94392","4202062770.32272","4255489554.61624","4432470211.59071","4840480152.96909","4817510076.13077",".."
Military expenditure (current USD),"MS.MIL.XPND.CD","Belize","BLZ","4768750","7116125","15416250","15219125","17778875","19916875","19717625","21712887.5","22950762.5","23192437.5","23320975",".."
Military expenditure (current USD),"MS.MIL.XPND.CD","Benin","BEN","32817291.9765669","14496275.1553423","..","78223091.0412182","86003157.6390576","92990706.1881213","90896085.8906078","79581568.0520594","116142782.36694","90212425.9945842","68112390.3078378",".."
Military expenditure (current USD),"MS.MIL.XPND.CD","Bermuda","BMU","..","..","..","..","..","..","..","..","..","..","..",".."
Military expenditure (current USD),"MS.MIL.XPND.CD","Bhutan","BTN","..","..","..","..","..","..","..","..","..","..","..",".."
Military expenditure (current USD),"MS.MIL.XPND.CD","Bolivia","BOL","137065127.51571","173245422.524961","403568566.057754","499870043.41534","564409840.81042","625885094.06657","575524224.942041","552381263.903278","574070189.61778","618842083.148114","598472724.641875",".."
Military expenditure (current USD),"MS.MIL.XPND.CD","Bosnia and Herzegovina","BIH","..","..","211878260.622344","197344650.21252","197617188.825905","190380454.641275","162215681.880471","157912010.578703","156258302.093929","172073317.814949","183168860.904408",".."
Military expenditure (current USD),"MS.MIL.XPND.CD","Botswana","BWA","156250839.841545","184718394.612119","363324481.153045","326874161.65079","306438573.576809","346281321.660338","383739877.542959","514463449.229697","522430455.515621","498087432.354654","515906976.744186",".."
Military expenditure (current USD),"MS.MIL.XPND.CD","Brazil","BRA","9236296955.40526","11344032534.9018","36936209895.8053","33987005074.0629","32874787230.5887","32659614240.8021","24617701683.0655","24224746901.4667","29283050314.4654","28177406872.2637","26945917849.8986",".."
Military expenditure (current USD),"MS.MIL.XPND.CD","British Virgin Islands","VGB","..","..","..","..","..","..","..","..","..","..","..",".."
Military expenditure (current USD),"MS.MIL.XPND.CD","Brunei Darussalam","BRN","231168587.554413","244205201.976844","415371528.964711","411261473.947038","412094279.75415","527785231.721177","424022039.167265","403366488.712977","346706804.42155","357708767.503726","414728739.002933",".."
Military expenditure (current USD),"MS.MIL.XPND.CD","Bulgaria","BGR","794520547.945205","351343204.852869","757931260.042945","722052494.990309","811634330.232022","747532532.136439","632509635.003401","670592858.359724","720037970.85424","961297274.594496","2127074985.68975",".."
Military expenditure (current USD),"MS.MIL.XPND.CD","Burkina Faso","BFA","84465502.3598333","36658539.0518782","138850860.201837","147729698.91896","166136345.235204","177166971.776294","147934736.66413","149467363.227452","191065838.764304","305781079.057984","357921557.517774",".."
Military expenditure (current USD),"MS.MIL.XPND.CD","Burundi","BDI","39602347.3767189","42321552.2157761","..","58966662.2761714","60859500.0932422","62177294.739088","66164584.4355924","66462843.0779874","63908678.4320088","65436595.2627955","64706676.9890644",".."
Military expenditure (current USD),"MS.MIL.XPND.CD","Cabo Verde","CPV","..","6801072.79821535","9757536.56239718","9736385.83866217","9815667.25947582","10049332.2103237","8922219.45508732","10171216.502214","9354384.16628162","10714071.127336","9728061.08978655",".."
Military expenditure (current USD),"MS.MIL.XPND.CD","Cambodia","KHM","29090909.0909091","81025841.3070364","192159418.504374","217305727.746095","243470109.876467","277969040.247678","325188062.343281","382100547.323182","463810835.226126","543205183.272952","604229190.382559",".."
Military expenditure (current USD),"MS.MIL.XPND.CD","Cameroon","CMR","180577745.946045","123034343.854287","347477885.670932","354447463.111647","392840630.898917","401529118.101393","353815494.553489","387437830.87299","408157575.13556","429892180.57235","422294771.980244",".."
Military expenditure (current USD),"MS.MIL.XPND.CD","Canada","CAN","11414631846.8936","8299385230.72365","21393720863.7223","20452107110.9741","18515731209.9437","17853720278.4558","17937641894.7407","17782775543.0736","22269696323.3229","22729327580.3404","22197626224.5667",".."
Military expenditure (current USD),"MS.MIL.XPND.CD","Cayman Islands","CYM","..","..","..","..","..","..","..","..","..","..","..",".."
Military expenditure (current USD),"MS.MIL.XPND.CD","Central African Republic","CAF","..","..","49874328.7289188","42746025.1857394","47923241.4489087","38407009.9214563","26703885.6228391","26832998.8201935","27516264.1779352","30517648.4136581","32411879.3497145",".."
Military expenditure (current USD),"MS.MIL.XPND.CD","Chad","TCD","34341542.2474428","21349034.2371091","609706993.08702","..","726459396.000324","392382954.592792","220982331.558035","309567431.726812","219081031.370278","253174123.337364","234709654.958205",".."
Military expenditure (current USD),"MS.MIL.XPND.CD","Channel Islands","CHI","..","..","..","..","..","..","..","..","..","..","..",".."
Military expenditure (current USD),"MS.MIL.XPND.CD","Chile","CHL","1031475584.0382","2103460609.68852","5686752069.60146","5466101782.01784","5529879480.60968","5102777422.11734","4630772773.72175","4796010962.08952","5370018134.87068","5545831932.77856","5182156528.66016",".."
Military expenditure (current USD),"MS.MIL.XPND.CD","China","CHN","10085081566.563","22929764606.6386","137967304294.479","157390377245.803","179880451357.744","200772203839.984","214471495714.478","216404283039.701","228466270027.362","253491536077.926","261081940426.666",".."
Military expenditure (current USD),"MS.MIL.XPND.CD","Colombia","COL","889979074.541223","3027922793.23722","10306578505.9573","11706271912.7386","12503812627.422","11845950895.3824","9127165374.88958","8675980822.76398","10018029817.5824","10134719590.5505","10084429483.544",".."
Military expenditure (current USD),"MS.MIL.XPND.CD","Comoros","COM","..","..","..","..","..","..","..","..","..","..","..",".."
Military expenditure (current USD),"MS.MIL.XPND.CD","Congo, Dem. Rep.","COD","45933813.550475","132883821.703899","238787546.588275","332493979.374942","374475653.351818","341224634.406213","491276877.079054","395733745.247056","295236074.31758","295348364.63547","352709565.59682",".."
Military expenditure (current USD),"MS.MIL.XPND.CD","Congo, Rep.","COG","..","..","..","..","367057295.47164","704893729.407907","..","501812144.937836","371937055.076808","292260465.250187","299953238.969346",".."
Military expenditure (current USD),"MS.MIL.XPND.CD","Costa Rica","CRI","0","0","0","0","0","0","0","0","0","0","0",".."
Military expenditure (current USD),"MS.MIL.XPND.CD","Cote d'Ivoire","CIV","143973702.091712","..","357330259.014212","407596534.123237","430003610.836489","521260529.25103","569671621.544538","602538731.235354","501578732.245649","607848217.884494","535951382.180975",".."
Military expenditure (current USD),"MS.MIL.XPND.CD","Croatia","HRV","..","659775033.312514","1106464041.97707","955320163.615821","956952644.05211","1063469743.28113","883162983.266817","836685042.08224","920837052.918188","966358716.798887","1009211718.51404",".."
Military expenditure (current USD),"MS.MIL.XPND.CD","Cuba","CUB","..","..","93744493.3920705","126872246.696035","119383259.911894","125638766.519824","118370044.052863","123658947.448659","122552919.006641","128609126.95598","..",".."
Military expenditure (current USD),"MS.MIL.XPND.CD","Curacao","CUW","..","..","..","..","..","..","..","..","..","..","..",".."
Military expenditure (current USD),"MS.MIL.XPND.CD","Cyprus","CYP","411409063.265004","281160374.253609","479735318.444996","414496321.441512","384925361.045941","357806822.598924","327891760.008872","295355009.95355","359061651.016244","445191978.565443","401690550.828482",".."
Military expenditure (current USD),"MS.MIL.XPND.CD","Czech Republic","CZE","..","1157294084.7289","2474313259.0035","2220610394.58562","2148784401.09143","2022883295.19451","1779887189.3897","1954935000.04528","2077722060.82334","2710017583.30521","2910252496.6203",".."
Military expenditure (current USD),"MS.MIL.XPND.CD","Denmark","DNK","2649889473.4801","2392510831.18689","4518590126.86474","4422458083.58423","4216647585.33628","4056861510.68455","3364047774.07406","3592727943.77381","3764033343.56355","4558690186.91182","4556755135.7025",".."
Military expenditure (current USD),"MS.MIL.XPND.CD","Djibouti","DJI","31116187.7324571","26025061.7540977","..","..","..","..","..","..","..","..","..",".."
Military expenditure (current USD),"MS.MIL.XPND.CD","Dominica","DMA","..","..","..","..","..","..","..","..","..","..","..",".."
Military expenditure (current USD),"MS.MIL.XPND.CD","Dominican Republic","DOM","47798904.4373805","246810843.740481","348559830.088199","396187178.568069","383380254.0656","437572465.844162","458007157.526361","479722172.766986","533073157.821471","593678722.089905","615388814.160672",".."
Military expenditure (current USD),"MS.MIL.XPND.CD","Ecuador","ECU","202000000","266000000","2453700000","2589776000","2735825000","2786519000","2597510000","2513200000","2462700000","2549400000","2467800000",".."
Military expenditure (current USD),"MS.MIL.XPND.CD","Egypt, Arab Rep.","EGY","2260645161.29032","2627698333.83736","4463974191.06902","4557748767.35039","4359834243.76995","5085121576.27973","5475490833.44169","4513022526.81632","2765588434.01207","3119587363.84249","3743671451.54565",".."
Military expenditure (current USD),"MS.MIL.XPND.CD","El Salvador","SLV","163886690.391459","110370320.284698","220700000","224300000","237500000","233900000","247700000","247600000","260900000","294610000","319500000",".."
Military expenditure (current USD),"MS.MIL.XPND.CD","Equatorial Guinea","GNQ","..","..","..","..","..","166540270.521497","137262659.565475","139200817.641802","136210361.388331","149498690.044337","..",".."
Military expenditure (current USD),"MS.MIL.XPND.CD","Eritrea","ERI","..","230670129.87013","..","..","..","..","..","..","..","..","..",".."
Military expenditure (current USD),"MS.MIL.XPND.CD","Estonia","EST","..","78313308.5597839","389237580.888435","436852911.624656","479314460.824341","512119045.123526","463568814.461573","497653404.256057","537440226.919815","606682955.041724","656068069.861173",".."
Military expenditure (current USD),"MS.MIL.XPND.CD","Eswatini","SWZ","14223211.6630336","24471060.5303012","106629408.921201","90639795.2733079","86040376.7558151","81355330.9314733","73527854.0620148","80527779.9028584","87762823.1282349","90802432.5474614","87050882.6583593",".."
Military expenditure (current USD),"MS.MIL.XPND.CD","Ethiopia","ETH","785048309.178744","617541613.6279","332441772.391593","366539017.667525","345064165.844028","414476025.830071","442532624.456259","490177248.532075","499795483.487377","512029056.710603","544839429.847158",".."
Military expenditure (current USD),"MS.MIL.XPND.CD","Faroe Islands","FRO","..","..","..","..","..","..","..","..","..","..","..",".."
Military expenditure (current USD),"MS.MIL.XPND.CD","Fiji","FJI","30542031.5886853","32039537.3528389","60785527.4678088","59221516.4060361","58108276.8995161","74787941.1272158","42617557.6035115","54411608.0036804","75276555.0115658","83136888.7991532","83452932.0987654",".."
Military expenditure (current USD),"MS.MIL.XPND.CD","Finland","FIN","2141300984.18983","1558135249.67754","4099505807.28569","3943239958.16491","4161139945.21741","3985508351.98832","3399134967.28402","3415008249.65045","3431090216.95364","3756949116.5327","3971115091.80475",".."
Military expenditure (current USD),"MS.MIL.XPND.CD","France","FRA","35774430324.9841","28403138948.7059","54120871009.5016","50216507403.1664","52001462447.6638","53134750898.8024","45647471640.5013","47370589552.6306","49195662250.3198","51409812838.5917","50118929211.9346",".."
Military expenditure (current USD),"MS.MIL.XPND.CD","French Polynesia","PYF","..","..","..","..","..","..","..","..","..","..","..",".."
Military expenditure (current USD),"MS.MIL.XPND.CD","Gabon","GAB","..","91295212.198164","265965337.617035","278143957.126655","282163387.579953","208124753.496557","170374503.339251","202815390.680402","267430770.80282","261217395.059596","266879196.119858",".."
Military expenditure (current USD),"MS.MIL.XPND.CD","Gambia, The","GMB","3464911.1117034","3323532.17179142","..","11173079.8607106","10378890.6934834","14599970.2849394","14288131.905326","..","..","11487224.9434107","14529115.744069",".."
Military expenditure (current USD),"MS.MIL.XPND.CD","Georgia","GEO","..","18824291.4324173","468779626.836253","491982529.358533","441878926.976772","415643210.857482","299514176.284605","315194446.322336","312217293.287761","327440140.897528","316116435.924743",".."
Military expenditure (current USD),"MS.MIL.XPND.CD","Germany","DEU","40477006094.7837","26924870320.8533","46765505209.528","44470341541.8852","44865692370.4025","44216057538.8531","37020073195.076","39724906520.6262","42365773545.439","46511573008.5101","49276757725.0336",".."
Military expenditure (current USD),"MS.MIL.XPND.CD","Ghana","GHA","27612553.5020052","50882608.2408578","234327479.578","337260972.703278","254997057.393618","252653833.716615","190540362.002907","161751874.263817","189129841.490359","218444253.592195","233320137.038447",".."
Military expenditure (current USD),"MS.MIL.XPND.CD","Gibraltar","GIB","..","..","..","..","..","..","..","..","..","..","..",".."
Military expenditure (current USD),"MS.MIL.XPND.CD","Greece","GRC","3193376484.06783","4564522446.23907","7128608267.12819","5914988423.39784","5655183035.72021","5531285908.87966","4818121326.3835","4963484464.40452","5088178883.21225","5757114360.91734","5471562919.83878",".."
Military expenditure (current USD),"MS.MIL.XPND.CD","Greenland","GRL","..","..","..","..","..","..","..","..","..","..","..",".."
Military expenditure (current USD),"MS.MIL.XPND.CD","Grenada","GRD","..","..","..","..","..","..","..","..","..","..","..",".."
Military expenditure (current USD),"MS.MIL.XPND.CD","Guam","GUM","..","..","..","..","..","..","..","..","..","..","..",".."
Military expenditure (current USD),"MS.MIL.XPND.CD","Guatemala","GTM","132196105.007847","157848092.786958","197433150.684228","224366543.649735","249757853.378152","245672875.883208","252455480.635391","290912704.00085","275014798.544949","273114976.844026","344484864.232818",".."
Military expenditure (current USD),"MS.MIL.XPND.CD","Guinea","GIN","..","45967931.2141144","..","168913357.467903","196818705.594191","196945589.753241","221414232.310207","161856744.453218","181637775.870545","197079526.352476","195070896.272538",".."
Military expenditure (current USD),"MS.MIL.XPND.CD","Guinea-Bissau","GNB","..","9531360.60766093","17519804.3512353","24491750.6811589","21710792.6483686","21470831.2086587","17036957.2925502","15730078.4677087","19021935.3520215","..","..",".."
Military expenditure (current USD),"MS.MIL.XPND.CD","Guyana","GUY","3589328.49015893","12585649.2901387","32416747.5418836","33542606.6021394","35163485.7882898","39280967.4697968","46430508.4745763","51562130.8232153","59510895.8837772","62229355.5514482","67837813.2205811",".."
Military expenditure (current USD),"MS.MIL.XPND.CD","Haiti","HTI","2670400","..","..","..","51595.8474833651","53511.5950974341","73562.2968921463","64514.316605567","73613.4924622762","79690.8881656554","105960.261235333",".."
Military expenditure (current USD),"MS.MIL.XPND.CD","Honduras","HND","67120949.0318533","52462396.8947113","200358405.886737","212341274.317769","294917779.408168","314071900.220103","356266320.955644","363272338.525911","398460128.382474","385320064.206471","403982242.463802",".."
Military expenditure (current USD),"MS.MIL.XPND.CD","Hong Kong SAR, China","HKG","..","..","..","..","..","..","..","..","..","..","..",".."
Military expenditure (current USD),"MS.MIL.XPND.CD","Hungary","HUN","847389246.889926","715857664.815596","1472069831.63811","1322277702.75073","1280050962.2477","1209801890.21288","1132476291.73782","1288676093.1676","1463013911.22308","1791545364.63643","1904369102.43439",".."
Military expenditure (current USD),"MS.MIL.XPND.CD","Iceland","ISL","0","0","0","0","0","0","0","0","0","0","0",".."
Military expenditure (current USD),"MS.MIL.XPND.CD","India","IND","10537035450.0528","14287514240.7035","49633815793.7027","47216920048.2061","47403528801.4226","50914096277.083","51295483753.9436","56637622640.8741","64559435280.6927","66257801718.275","71124980462.9222",".."
Military expenditure (current USD),"MS.MIL.XPND.CD","Indonesia","IDN","1613975396.26983","1129542839.56935","5838026185.71723","6531097955.28321","8384028600.92532","6929248704.20671","7595030527.64333","7396626074.68605","8797528449.54204","7556824710.98018","7664923632.28852",".."
Military expenditure (current USD),"MS.MIL.XPND.CD","Iran, Islamic Rep.","IRN","16474401698.2345","8327053824.36261","14277667360.5682","16493963286.9287","11997186984.0994","9901105170.43987","10588769670.8684","12263957414.6216","13931196489.7975","11230852287.9331","12623163490.0382",".."
Military expenditure (current USD),"MS.MIL.XPND.CD","Iraq","IRQ","..","..","4278632478.63248","4141066053.83435","7780188679.24528","6923644082.33276","9604231010.85097","5970383697.66942","7416385135.13514","6317977150.05254","7598829335.74537",".."
Military expenditure (current USD),"MS.MIL.XPND.CD","Ireland","IRL","594006010.402921","694674774.276764","1300331547.01086","1157531729.65486","1195763444.3723","1192733691.2242","997005655.983143","1001610418.29936","1025063447.41951","1107137377.09949","1112740707.56829",".."
Military expenditure (current USD),"MS.MIL.XPND.CD","Isle of Man","IMN","..","..","..","..","..","..","..","..","..","..","..",".."
Military expenditure (current USD),"MS.MIL.XPND.CD","Israel","ISR","6528767331.23656","8327543752.99401","15163227719.5071","14600665988.9209","16324818043.8467","17810043530.8174","16516787444.7923","17488176165.0017","19434129702.3181","19759173450.6567","20464927048.2604",".."
Military expenditure (current USD),"MS.MIL.XPND.CD","Italy","ITA","20734625578.569","19878720932.3752","33828804971.12","29781008205.1256","29957445904.5168","27701034334.9422","22180845070.4225","25033027894.6754","26447892915.4274","27807513898.2331","26790436632.3332",".."
Military expenditure (current USD),"MS.MIL.XPND.CD","Jamaica","JAM","38609944.5575812","43566232.4912703","133638559.827692","137635505.668112","128431323.011542","121309728.669942","123854135.722601","137649061.819234","143545555.4269","209675820.865544","252263612.785224",".."
Military expenditure (current USD),"MS.MIL.XPND.CD","Japan","JPN","28800451682.4134","45509673827.3094","60762213840.8911","60011530194.6974","49023932406.8581","46903466612.5187","42106103305.7928","46471287714.246","45387031801.8653","46617954863.9536","47609019987.3417",".."
Military expenditure (current USD),"MS.MIL.XPND.CD","Jordan","JOR","322429005.351719","529337094.499295","1594788732.39437","1472816901.40845","1444929577.46479","1548873239.43662","1614929577.46479","1769436619.71831","1939718309.85915","1957746478.87324","2032112676.05634",".."
Military expenditure (current USD),"MS.MIL.XPND.CD","Kazakhstan","KAZ","..","143527541.105866","1803970781.81161","2177543205.48846","2551124374.70831","2306468864.80956","2046197674.3312","1281103431.97917","1390619095.25397","1572401181.96767","1766369269.09128",".."
Military expenditure (current USD),"MS.MIL.XPND.CD","Kenya","KEN","246456438.633547","165584735.249522","646678106.716751","840072589.956654","860560896.114738","819042626.799535","843667802.797011","933103002.549572","1015384781.9759","1113648361.6452","1148431601.34532",".."
Military expenditure (current USD),"MS.MIL.XPND.CD","Kiribati","KIR","..","..","..","..","..","..","..","..","..","..","..",".."
Military expenditure (current USD),"MS.MIL.XPND.CD","Korea, Dem. People’s Rep.","PRK","..","..","..","..","..","824444444.444444","869629629.62963","912592592.592593","961481481.481482","1604444444.44444","..",".."
Military expenditure (current USD),"MS.MIL.XPND.CD","Korea, Rep.","KOR","10110714871.0587","13801107024.1211","30991707946.4761","31951760810.319","34311220715.1665","37552298953.8232","36570769322.5744","36885283430.0234","39170682135.6216","43069973342.8752","43890861986.1369",".."
Military expenditure (current USD),"MS.MIL.XPND.CD","Kosovo","XKX","..","..","50968863.7737974","43390403.8833654","48597681.233312","53575787.7448802","49984164.356216","51937624.4193762","57262629.2715651","63344074.218335","65705329.153605",".."
Military expenditure (current USD),"MS.MIL.XPND.CD","Kuwait","KWT","8961536461.49313","2697075596.3558","5393526319.03152","5941536636.94559","5698067232.52099","5832103419.52984","5735132890.36545","6446742131.36237","6764636913.87805","7296266526.41746","7709786184.21053",".."
Military expenditure (current USD),"MS.MIL.XPND.CD","Kyrgyz Republic","KGZ","..","25794155.8114867","86423386.4064372","107529842.877185","119000613.911601","127971088.839247","117003278.063733","115645311.811562","121515805.359074","127148346.679175","124054574.091225",".."
Military expenditure (current USD),"MS.MIL.XPND.CD","Lao PDR","LAO","..","13717664.5992971","19009820.5990989","20327157.6570726","22677713.1196136","..","..","..","..","..","..",".."
Military expenditure (current USD),"MS.MIL.XPND.CD","Latvia","LVA","..","69990683.3593674","296834929.212511","255740342.589249","283568932.739998","295728965.265711","282688255.517356","404552452.166263","482461999.113821","723534341.32408","709807433.945365",".."
Military expenditure (current USD),"MS.MIL.XPND.CD","Lebanon","LBN","214361038.658359","930016583.747927","1626533996.68325","1757213930.34826","1935718241.37232","2270065959.79379","2239416093.73945","2606456908.32225","2441074857.01822","2775557816.20658","2521246648.01434",".."
Military expenditure (current USD),"MS.MIL.XPND.CD","Lesotho","LSO","24165932.3160645","30555503.5209796","58169320.7531059","53240145.8227009","47941183.1723469","47693396.0282348","44025926.2497655","41489543.3648543","52594810.3725972","51064347.7548233","44845967.4627899",".."
Military expenditure (current USD),"MS.MIL.XPND.CD","Liberia","LBR","..","..","13271000","15179000","15111500","14531000","14799000","14712000","13335500","13729500","16646000",".."
Military expenditure (current USD),"MS.MIL.XPND.CD","Libya","LBY","..","1085534664.87046","..","2987413407.73267","3964690154.13652","3755658597.92518","..","..","..","..","..",".."
Military expenditure (current USD),"MS.MIL.XPND.CD","Liechtenstein","LIE","..","..","..","..","..","..","..","..","..","..","..",".."
Military expenditure (current USD),"MS.MIL.XPND.CD","Lithuania","LTU","..","140400000","344605215.42864","328631681.612931","354862149.703384","426900271.666182","471221026.949096","635448102.412289","812106965.019963","1056383744.67382","1083743842.36453",".."
Military expenditure (current USD),"MS.MIL.XPND.CD","Luxembourg","LUX","96691368.6355411","128192371.475954","256962415.78642","237503049.757598","258655906.233246","279019013.052173","276145059.332372","260729679.579583","357671613.659217","393243517.433955","428769402.876169",".."
Military expenditure (current USD),"MS.MIL.XPND.CD","Macao SAR, China","MAC","..","..","..","..","..","..","..","..","..","..","..",".."
Military expenditure (current USD),"MS.MIL.XPND.CD","Madagascar","MDG","37948124.1780416","47210934.6139638","71989808.0113771","68636017.8043436","71877874.4942023","69676703.3431202","58932847.7562419","59394995.9205237","66906090.1851672","73258425.2386784","76576631.109179",".."
Military expenditure (current USD),"MS.MIL.XPND.CD","Malawi","MWI","24312172.026619","11727501.4359178","52804842.9862952","46155953.6903969","62925520.091546","49454535.9108862","40793415.429498","35748121.98667","47416537.0668233","58369173.4379987","68015531.1822333",".."
Military expenditure (current USD),"MS.MIL.XPND.CD","Malaysia","MYS","1125007856.20011","1533157894.73684","4692483660.13072","4507252007.25201","4915722759.45679","4919245322.85852","4532069852.24432","4169374000.50693","3494832256.87397","3469828206.79145","3769026334.86349",".."
Military expenditure (current USD),"MS.MIL.XPND.CD","Maldives","MDV","..","..","..","..","..","..","..","..","..","..","..",".."
Military expenditure (current USD),"MS.MIL.XPND.CD","Mali","MLI","52155069.5094852","43681247.6825062","161062674.572866","148865779.870604","153833697.676302","218118382.330633","309170682.221659","362398902.198564","460196191.968391","481728184.477863","474260953.856761",".."
Military expenditure (current USD),"MS.MIL.XPND.CD","Malta","MLT","21152027.6659552","25353948.0516936","55893126.4813618","49922008.9066599","53789438.883423","56514879.9166599","51796606.4101142","59672922.9895778","64235888.1657335","66869091.0378528","83636363.6363636",".."
Military expenditure (current USD),"MS.MIL.XPND.CD","Marshall Islands","MHL","..","..","..","..","..","..","..","..","..","..","..",".."
Military expenditure (current USD),"MS.MIL.XPND.CD","Mauritania","MRT","40181617.4372589","37878312.2595983","..","142299912.345762","144215483.467584","144844330.663143","132931217.691719","136064875.96938","143769318.593189","159013352.980386","162397954.976499",".."
Military expenditure (current USD),"MS.MIL.XPND.CD","Mauritius","MUS","9183570.4914724","9360142.63074485","17512018.3933672","16662229.6173045","23200896.376061","19743974.9199922","17086605.4135158","21999438.0281682","22633506.6411266","23017460.7749502","22566872.8761872",".."
Military expenditure (current USD),"MS.MIL.XPND.CD","Mexico","MEX","1210872502.31103","3031454509.30458","5498458541.61133","5717035574.62318","6473144378.32759","6758668422.04251","5468837811.91633","5336875740.46474","5062076645.82129","5839521271.01987","6536384427.46504",".."
Military expenditure (current USD),"MS.MIL.XPND.CD","Micronesia, Fed. Sts.","FSM","..","..","..","..","..","..","..","..","..","..","..",".."
Military expenditure (current USD),"MS.MIL.XPND.CD","Moldova","MDA","..","5090797.96046388","22966963.6924335","23870072.823951","26710522.1342994","27565618.8549118","23051814.5944779","27431006.0797226","30926160.5431569","37404689.5300252","44466198.3185535",".."
Military expenditure (current USD),"MS.MIL.XPND.CD","Monaco","MCO","..","..","..","..","..","..","..","..","..","..","..",".."
Military expenditure (current USD),"MS.MIL.XPND.CD","Mongolia","MNG","..","24265559.5493512","87157848.1572792","113622769.928844","103464069.871976","105114434.894888","101733069.81011","96366789.8371294","87511743.4962015","96067489.8598111","99729483.1666539",".."
Military expenditure (current USD),"MS.MIL.XPND.CD","Montenegro","MNE","..","..","79376663.8168915","67712201.3018217","64836243.0774909","67544018.0425184","56891427.3039814","61714551.6100205","65734886.3769336","78906554.3004851","89296909.9865652",".."
Military expenditure (current USD),"MS.MIL.XPND.CD","Morocco","MAR","1069720491.9962","859151483.21036","3342698955.60745","3402700835.84055","4065552316.93534","4048612524.35018","3268363375.66571","3327031889.64856","3461461531.38359","3696856944.7441","3721323837.45287",".."
Military expenditure (current USD),"MS.MIL.XPND.CD","Mozambique","MOZ","84598999.6652635","55361458.4427866","118871183.035407","139100553.342967","157892114.36316","173752248.992546","134033726.386182","110463709.309065","129258386.223763","169589578.881903","136765798.056121",".."
Military expenditure (current USD),"MS.MIL.XPND.CD","Myanmar","MMR","814025583.097738","9030564408.83695","..","..","..","..","..","..","..","..","..",".."
Military expenditure (current USD),"MS.MIL.XPND.CD","Namibia","NAM","..","92397796.4878102","443591424.475254","412163503.642522","389958736.662434","537456013.694723","518203685.056455","425388449.607111","456081144.821039","455569084.303806","410415251.888296",".."
Military expenditure (current USD),"MS.MIL.XPND.CD","Nauru","NRU","..","..","..","..","..","..","..","..","..","..","..",".."
Military expenditure (current USD),"MS.MIL.XPND.CD","Nepal","NPL","37929191.1253967","51358135.3085642","284518851.062623","256686839.473598","281038425.693598","328115662.238927","323797729.640271","356495278.640587","436745563.546622","429373005.932663","428701839.233383",".."
Military expenditure (current USD),"MS.MIL.XPND.CD","Netherlands","NLD","7420849635.78912","5971807628.52405","11647934608.0864","10364720786.7464","10226260324.8451","10332602877.9244","8667849617.38938","9115240931.64471","9580685498.2163","11114927469.5183","12059561128.5266",".."
Military expenditure (current USD),"MS.MIL.XPND.CD","New Caledonia","NCL","..","..","..","..","..","..","..","..","..","..","..",".."
Military expenditure (current USD),"MS.MIL.XPND.CD","New Zealand","NZL","1057749671.87686","858414919.473911","2080091008.91919","2094946041.41686","2134105838.06923","2274145714.22645","1943757736.36221","2093352062.45253","2328156653.09662","2525003415.11223","2926961107.44891",".."
Military expenditure (current USD),"MS.MIL.XPND.CD","Nicaragua","NIC","1142475979.61993","30825265.6806786","51453111.1339038","70132969.8004391","74532010.9372725","81391929.9411777","98932947.1510318","85073598.4439089","86725444.8392143","81593932.6938754","82593607.3059361",".."
Military expenditure (current USD),"MS.MIL.XPND.CD","Niger","NER","..","20084946.6835961","83947561.3839522","148865779.870604","106064286.292608","145600369.857069","..","166192292.328363","200183929.970367","229639906.143836","171928704.787715",".."
Military expenditure (current USD),"MS.MIL.XPND.CD","Nigeria","NGA","277297783.483801","368644109.462423","2384936021.71384","2316478199.86159","2418760170.87063","2357671219.29062","2065557663.35091","1723204266.39515","1621218176.40317","2043051719.21673","1860260429.56134",".."
Military expenditure (current USD),"MS.MIL.XPND.CD","North Macedonia","MKD","..","69828947.9074835","132461994.809047","119410402.524102","126506348.703425","124185105.67971","99983659.5643541","103520137.268395","100754692.052761","119586974.17079","151220932.348339",".."
Military expenditure (current USD),"MS.MIL.XPND.CD","Northern Mariana Islands","MNP","..","..","..","..","..","..","..","..","..","..","..",".."
Military expenditure (current USD),"MS.MIL.XPND.CD","Norway","NOR","3394869435.47176","2922343509.99336","7232260585.48231","7143962183.06833","7391829787.23404","7336785328.3336","5815228174.60317","5997385047.52171","6465750412.31446","7067073380.84597","7003411804.84476",".."
Military expenditure (current USD),"MS.MIL.XPND.CD","Oman","OMN","1447919375.81274","1577243172.95189","5000715214.56437","9250650195.05852","8766319895.96879","8213524057.21717","7533550065.0195","7935955786.73602","6802665799.73992","7565344603.38101","6729518855.6567",".."
Military expenditure (current USD),"MS.MIL.XPND.CD","Pakistan","PAK","2810101624.33087","2973072721.91798","6954787511.26317","7478971082.02563","7645455529.42566","8654923191.90126","9483482373.08916","9973768058.78466","11461253916.5641","11528865690.0329","10256095280.0823",".."
Military expenditure (current USD),"MS.MIL.XPND.CD","Palau","PLW","..","..","..","..","..","..","..","..","..","..","..",".."
Military expenditure (current USD),"MS.MIL.XPND.CD","Panama","PAN","73100000","0","0","0","0","0","0","0","0","0","0",".."
Military expenditure (current USD),"MS.MIL.XPND.CD","Papua New Guinea","PNG","68691099.4764398","33606981.6257872","64193136.1425914","110623185.275838","105100890.617551","112375755.926034","99840642.6789849","79051319.3098808","80860755.5171601","79956905.785118","80846153.8461538",".."
Military expenditure (current USD),"MS.MIL.XPND.CD","Paraguay","PRY","112234255.698035","110248167.1987","285106240.844392","320909756.560571","371215575.362154","398370830.477549","386538864.264704","343232340.562483","348179657.473011","386556389.586348","402729206.915947",".."
Military expenditure (current USD),"MS.MIL.XPND.CD","Peru","PER","777066944.849536","912005730.659026","2355167833.84937","2857983382.19855","3305451871.31792","3217574656.89716","3312214570.18629","2536072334.8143","2665785313.29571","2648683287.36167","2724902174.17274",".."
Military expenditure (current USD),"MS.MIL.XPND.CD","Philippines","PHL","951481869.97388","1303077685.47914","2701492158.26159","2898685257.45463","3377027861.15129","3103131460.15886","3335550049.02957","3331502847.06337","4096341612.11719","2842618671.85446","3471584034.01952",".."
Military expenditure (current USD),"MS.MIL.XPND.CD","Poland","POL","1540736842.10526","3146106712.50118","9455422988.00142","8986838792.09222","9275711727.44588","10345153574.8722","10212785780.6075","9164190586.63773","9870680628.27225","12040673422.9565","11902529335.0717",".."
Military expenditure (current USD),"MS.MIL.XPND.CD","Portugal","PRT","1875087896.94259","2204256495.30127","4904393519.19428","4137254045.38645","4724102082.03049","4111548063.51924","3565420871.68681","4133066817.16925","3675687230.45786","4420169257.46255","4512987012.98701",".."
Military expenditure (current USD),"MS.MIL.XPND.CD","Puerto Rico","PRI","..","..","..","..","..","..","..","..","..","..","..",".."
Military expenditure (current USD),"MS.MIL.XPND.CD","Qatar","QAT","790796703.296703","..","..","..","..","..","..","..","..","..","..",".."
Military expenditure (current USD),"MS.MIL.XPND.CD","Romania","ROU","1739025771.1048","935569610.340555","2379871482.4133","2102886223.40119","2452512981.08128","2691470287.45885","2580594158.27577","2644159836.08537","3622068491.8065","4359021208.90509","4944956295.77132",".."
Military expenditure (current USD),"MS.MIL.XPND.CD","Russian Federation","RUS","..","9228204143.73676","70237523951.4946","81469399931.2577","88352896463.5598","84696504653.4978","66418326823.985","69245309460.9824","66527303992.4799","61387546980.4354","65102569652.7413",".."
Military expenditure (current USD),"MS.MIL.XPND.CD","Rwanda","RWA","95132735.4335092","61329857.1193956","75383928.5565552","79793910.0920567","82480715.5803265","90937793.2166852","103563214.70551","107278618.685189","115716812.449004","118959174.046815","121431433.65984",".."
Military expenditure (current USD),"MS.MIL.XPND.CD","Samoa","WSM","..","..","..","..","..","..","..","..","..","..","..",".."
Military expenditure (current USD),"MS.MIL.XPND.CD","San Marino","SMR","..","..","..","..","..","..","..","..","..","..","..",".."
Military expenditure (current USD),"MS.MIL.XPND.CD","Sao Tome and Principe","STP","..","..","..","..","..","..","..","..","..","..","..",".."
Military expenditure (current USD),"MS.MIL.XPND.CD","Saudi Arabia","SAU","16355466666.6667","19964266666.6667","48530933333.3333","56497866666.6667","67020000000","80762400000","87185866666.6667","63672800000","70400000000","74400000000","61866666666.6667",".."
Military expenditure (current USD),"MS.MIL.XPND.CD","Senegal","SEN","118215708.960021","62361652.6399766","230190350.650397","196661489.010376","236737915.958222","239893634.512306","214827965.170344","304764264.245112","305441261.623352","385132363.102436","349042081.514375",".."
Military expenditure (current USD),"MS.MIL.XPND.CD","Serbia","SRB","..","337080608.366223","986958193.674369","853622633.230764","919809908.300835","913368512.844769","724151880.19089","710397717.130948","801700087.191948","817742205.957957","1143779270.2677",".."
Military expenditure (current USD),"MS.MIL.XPND.CD","Seychelles","SYC","14840075.699376","10325841.5560868","8712704.9511348","9924109.7489784","13766451.3239843","30909233.5451479","18101348.7758118","21920004.3921913","21519749.6951981","22627990.0189425","23781947.3399737",".."
Military expenditure (current USD),"MS.MIL.XPND.CD","Sierra Leone","SLE","12387253.5425168","23310804.3515668","25476183.9067774","29758934.0797967","31684939.4114253","48810630.7877162","39226514.2658403","37414732.169548","39577826.0041243","29622478.0996257","25641867.7760126",".."
Military expenditure (current USD),"MS.MIL.XPND.CD","Singapore","SGP","1801901209.91101","4330726931.01928","8922267805.18056","9171948018.69278","9345680492.28802","9596602344.02747","9383830669.35792","9873331564.27443","10178706550.0118","10835236244.0897","11211125366.5689",".."
Military expenditure (current USD),"MS.MIL.XPND.CD","Sint Maarten (Dutch part)","SXM","..","..","..","..","..","..","..","..","..","..","..",".."
Military expenditure (current USD),"MS.MIL.XPND.CD","Slovak Republic","SVK","..","342322768.946855","1064842810.57336","1020180034.79405","967923107.869653","997703821.802668","985915492.957747","1003048083.68943","1049074346.91029","1295988102.40431","1865203761.75549",".."
Military expenditure (current USD),"MS.MIL.XPND.CD","Slovenia","SVN","..","222391556.805474","665679671.372271","543496416.521263","506742932.103314","486194870.396018","400771875.346568","449177539.095701","473796757.208807","529496122.658546","568741603.224362",".."
Military expenditure (current USD),"MS.MIL.XPND.CD","Solomon Islands","SLB","..","..","..","..","..","..","..","..","..","..","..",".."
Military expenditure (current USD),"MS.MIL.XPND.CD","Somalia","SOM","..","..","..","..","26050000","60258000","46614000","47706000","61813000","77402000","78903000",".."
Military expenditure (current USD),"MS.MIL.XPND.CD","South Africa","ZAF","4364458203.85573","1891725013.43693","4594154077.94655","4489590095.94432","4118208483.42734","3892469155.14112","3488867947.83997","3169756001.32259","3637677361.85052","3670400753.13987","3465133037.69401",".."
Military expenditure (current USD),"MS.MIL.XPND.CD","South Sudan","SSD","..","..","1052721970.36864","988225988.700565","981983050.847458","1301525423.72881","1151920376.75944","135338143.589744","72388104.5738804","149092424.699547","86466786.8276431",".."
Military expenditure (current USD),"MS.MIL.XPND.CD","Spain","ESP","11695038644.5437","10273779251.8887","19695435494.297","18860623363.4077","17242959322.0024","17178549314.7619","15188853149.9556","14014439635.1839","16043533257.4617","17823271130.6257","17176712942.2302",".."
Military expenditure (current USD),"MS.MIL.XPND.CD","Sri Lanka","LKA","187023405.694545","822127365.590071","1751910640.79953","1474902627.68117","1600841410.40839","1914586604.3733","2057866406.9716","1741456649.97426","1866534438.99382","1681433577.38686","1666461476.47401",".."
Military expenditure (current USD),"MS.MIL.XPND.CD","St. Kitts and Nevis","KNA","..","..","..","..","..","..","..","..","..","..","..",".."
Military expenditure (current USD),"MS.MIL.XPND.CD","St. Lucia","LCA","..","..","..","..","..","..","..","..","..","..","..",".."
Military expenditure (current USD),"MS.MIL.XPND.CD","St. Martin (French part)","MAF","..","..","..","..","..","..","..","..","..","..","..",".."
Military expenditure (current USD),"MS.MIL.XPND.CD","St. Vincent and the Grenadines","VCT","..","..","..","..","..","..","..","..","..","..","..",".."
Military expenditure (current USD),"MS.MIL.XPND.CD","Sudan","SDN","1177777777.77778","587267572.329197","..","..","..","..","2279621639.5619","2748511976.24707","4382998816.69717","1047878719.98741","722256177.420763",".."
Military expenditure (current USD),"MS.MIL.XPND.CD","Suriname","SUR","..","..","..","..","..","..","..","..","..","..","..",".."
Military expenditure (current USD),"MS.MIL.XPND.CD","Sweden","SWE","6169504239.88687","4789440136.90975","6324747364.3036","6243671605.39748","6528737467.32024","6555518063.89502","5387123174.45396","5427549191.34014","5526592999.00266","5732822794.38131","5920139623.43981",".."
Military expenditure (current USD),"MS.MIL.XPND.CD","Switzerland","CHE","4056408189.12148","2800146846.35608","4973863848.78193","4592165377.67521","5032883664.3277","4612776714.75554","4521076909.31875","4571348246.67311","4628401508.54477","4654732701.24024","5179074446.68008",".."
Military expenditure (current USD),"MS.MIL.XPND.CD","Syrian Arab Republic","SYR","1641781737.19376","897044908.654196","2494887483.1484","..","..","..","..","..","..","..","..",".."
Military expenditure (current USD),"MS.MIL.XPND.CD","Tajikistan","TJK","..","10353281.1559302","71342116.7937044","76260471.8313278","..","104280653.97304","95763184.8803853","..","..","..","..",".."
Military expenditure (current USD),"MS.MIL.XPND.CD","Tanzania","TZA","87154458.2068739","135055952.644211","307473984.174236","359739418.825016","443379945.514983","507287182.587666","517075761.799188","544218297.944157","611215551.929013","698876677.785505","797668979.479476",".."
Military expenditure (current USD),"MS.MIL.XPND.CD","Thailand","THA","2214017705.34092","1881009453.57725","5512983861.1819","5491915220.81131","5901296947.21083","5729784358.27807","5724812311.08837","5876294938.44837","6320716259.41973","6876114542.56436","7314879227.05314",".."
Military expenditure (current USD),"MS.MIL.XPND.CD","Timor-Leste","TLS","..","..","20530000","33388000","31683000","29624000","36959000","26217000","25442000","20610000","34400000",".."
Military expenditure (current USD),"MS.MIL.XPND.CD","Togo","TGO","50748351.7896167","..","59018874.0023651","62931049.6800365","72419237.3087199","83080003.6406662","69977174.7400457","82019690.4123156","88414114.9221704","104378994.645016","170566832.435089",".."
Military expenditure (current USD),"MS.MIL.XPND.CD","Tonga","TON","..","..","..","..","..","..","..","..","..","..","..",".."
Military expenditure (current USD),"MS.MIL.XPND.CD","Trinidad and Tobago","TTO","..","..","146080695.23973","168762442.453652","211176025.939717","188885941.685949","202106905.459739","216276660.00375","201814603.265352","162089976.810014","166355243.722304",".."
Military expenditure (current USD),"MS.MIL.XPND.CD","Tunisia","TUN","247855881.539234","332389762.745499","715239597.096137","681225950.611119","759358881.242845","908357287.592479","979494041.929523","987734705.2158","858949581.256569","844227367.128514","1000580402.86787",".."
Military expenditure (current USD),"MS.MIL.XPND.CD","Turkey","TUR","5315413395.48577","9993730196.93899","17006477805.3076","17694320712.6949","18427646196.757","17576557887.907","15668750000","17827702150.7967","17822738263.1645","19648693823.8514","20447711267.6056",".."
Military expenditure (current USD),"MS.MIL.XPND.CD","Turkmenistan","TKM","..","..","..","..","..","..","..","..","..","..","..",".."
Military expenditure (current USD),"MS.MIL.XPND.CD","Turks and Caicos Islands","TCA","..","..","..","..","..","..","..","..","..","..","..",".."
Military expenditure (current USD),"MS.MIL.XPND.CD","Tuvalu","TUV","..","..","..","..","..","..","..","..","..","..","..",".."
Military expenditure (current USD),"MS.MIL.XPND.CD","Uganda","UGA","107006214.22159","141303025.880522","607135070.855218","351838247.037404","300075573.371887","325662841.998777","306140404.554487","318551679.284802","346762883.760461","408367566.71345","645757062.116395",".."
Military expenditure (current USD),"MS.MIL.XPND.CD","Ukraine","UKR","..","696404379.961877","2502296575.11208","2835905352.50149","2895001889.15301","2997178981.55081","2959581345.11948","2943807591.71863","3246786567.33091","4169707536.40909","5228926088.43279",".."
Military expenditure (current USD),"MS.MIL.XPND.CD","United Arab Emirates","ARE","..","5875833900.61266","19181756296.8005","19024098025.8679","23561061946.9027","22755071477.1954","..","..","..","..","..",".."
Military expenditure (current USD),"MS.MIL.XPND.CD","United Kingdom","GBR","38943795645.0636","35254814799.1243","60270435686.808","58495656720.591","56861759588.2819","59182858554.2566","53862185493.2918","48118943518.1008","46433303401.2281","49892137484.3498","48650383141.7625",".."
Military expenditure (current USD),"MS.MIL.XPND.CD","United States","USA","325129313986.031","320086324211.196","752288000000","725205000000","679229000000","647789000000","633829639000","639856443000","646752927000","682491400000","731751400000",".."
Military expenditure (current USD),"MS.MIL.XPND.CD","Uruguay","URY","328351062.010466","555968792.356772","824833542.16069","924640335.588313","1045084368.40872","1034500559.236","969906845.518716","988223629.628739","1165710348.53799","1271117731.00881","1146317701.82809",".."
Military expenditure (current USD),"MS.MIL.XPND.CD","Uzbekistan","UZB","..","115375384.615385","..","..","..","..","..","..","..","1440385072.20752","..",".."
Military expenditure (current USD),"MS.MIL.XPND.CD","Vanuatu","VUT","..","..","..","..","..","..","..","..","..","..","..",".."
Military expenditure (current USD),"MS.MIL.XPND.CD","Venezuela, RB","VEN","737870454.68601","1788322080.33625","3577531587.43851","5114847099.99301","6199698500.15542","1554727108.23932","320539157.963524","218154892.929075","464821762.582874","..","..",".."
Military expenditure (current USD),"MS.MIL.XPND.CD","Vietnam","VNM","511970136.360832","..","2686520590.1569","..","..","..","..","..","..","..","..",".."
Military expenditure (current USD),"MS.MIL.XPND.CD","Virgin Islands (U.S.)","VIR","..","..","..","..","..","..","..","..","..","..","..",".."
Military expenditure (current USD),"MS.MIL.XPND.CD","West Bank and Gaza","PSE","..","..","..","..","..","..","..","..","..","..","..",".."
Military expenditure (current USD),"MS.MIL.XPND.CD","Yemen, Rep.","YEM","807070715.481137","473664032.451552","1612254443.40505","1618840126.70806","1648750523.52366","1714830843.68747","..","..","..","..","..",".."
Military expenditure (current USD),"MS.MIL.XPND.CD","Zambia","ZMB","139324047.264528","..","309113764.151856","346301423.09","381345802.082696","443604396.033038","372447569.820527","299504759.876729","339664531.368041","378025430.958942","293275808.457711",".."
Military expenditure (current USD),"MS.MIL.XPND.CD","Zimbabwe","ZWE","416300000","346300000","198438000","318272000","356700000","368100000","376677000","358065000","340522000","420364000","546939000",".."
Military expenditure (current USD),"MS.MIL.XPND.CD","Arab World","ARB","36512289679.011","40740633349.2575","107921688720.066","121983945405.818","142683931798.678","155223011325.374","137950376691.89","111884463391.743","119045138484.832","120369242186.452","109595680999.867",".."
Military expenditure (current USD),"MS.MIL.XPND.CD","Caribbean small states","CSS","..","..","327552252.609306","355159679.723903","392549709.739549","369393512.825688","392109174.656916","427200740.146199","427821817.076029","457187590.727006","509777644.728109",".."
Military expenditure (current USD),"MS.MIL.XPND.CD","Central Europe and the Baltics","CEB","4921672408.04519","7819364628.22309","20407273070.5516","18894887158.578","19518058629.3911","20798958297.4101","19825581503.5133","19549118997.9977","22029240411.0703","27040998837.2991","29681958645.2524",".."
Military expenditure (current USD),"MS.MIL.XPND.CD","Early-demographic dividend","EAR","80861303796.8443","97813472488.1069","208732409931.014","222630847407.503","238532813531.66","250037733396.902","249652657075.441","233714438447.684","255854428673.882","259443849965.99","254785589015.101",".."
Military expenditure (current USD),"MS.MIL.XPND.CD","East Asia & Pacific","EAS","74851232872.6885","118810301202.193","299609732420.97","317728669256.75","333039632864.723","355318373487.528","361412927519.841","370502058043.288","388452444684.051","417414816480.182","426590461649.237",".."
Military expenditure (current USD),"MS.MIL.XPND.CD","East Asia & Pacific (excluding high income)","EAP","17443884153.9623","37991772473.2724","159842646500.798","177373816043.618","203023031586.873","222877929302.126","237134926416.549","238728820757.472","252870071976.047","276664343122.278","284205011414.385",".."
Military expenditure (current USD),"MS.MIL.XPND.CD","East Asia & Pacific (IDA & IBRD countries)","TEA","17443884153.9623","37991772473.2724","159842646500.798","177373816043.618","203023031586.873","222053484857.682","236265296786.919","237816228164.88","251908590494.566","275059898677.833","284205011414.385",".."
Military expenditure (current USD),"MS.MIL.XPND.CD","Euro area","EMU","131052000036.159","106878393690.583","195954273674.189","180489263506.66","181812021890.364","179292725242.144","151612246937.512","159518448619.147","168560246108.515","183054320475.568","184343771162.952",".."
Military expenditure (current USD),"MS.MIL.XPND.CD","Europe & Central Asia","ECS","..","182995772407.552","394950016777.403","388432502530.764","397850613297.331","393736481017.347","334656884817.89","339124070561.645","347370267868.906","370856286899.613","378536808045.101",".."
Military expenditure (current USD),"MS.MIL.XPND.CD","Europe & Central Asia (excluding high income)","ECA","..","21368873435.7521","98843597014.4215","111507313786.248","119946510037.432","115422691692.175","93557866557.7684","96068694360.0599","94101853838.8596","94095762670.7511","100295590144.944",".."
Military expenditure (current USD),"MS.MIL.XPND.CD","Europe & Central Asia (IDA & IBRD countries)","TEC","..","26110324791.9063","111785355526.813","123552358965.358","132631687390.011","129522785297.787","107234409479.918","108713729824.865","108515440011.857","111461816019.412","118152287494.301",".."
Military expenditure (current USD),"MS.MIL.XPND.CD","European Union","EUU","144793066157.572","121026290969.231","224443684028.434","207465378967.078","209483053989.171","207985416139.879","177584833924.321","185097965170.639","196525232566.979","216174747028.058","219619059856.196",".."
Military expenditure (current USD),"MS.MIL.XPND.CD","Fragile and conflict affected situations","FCS","6682986521.62199","16273582973.4355","19485814643.1841","21112728711.8626","28338587652.2565","23476191880.1188","20267159334.109","16657780993.475","19555166424.7251","15771974080.6057","16401671100.8429",".."
Military expenditure (current USD),"MS.MIL.XPND.CD","Heavily indebted poor countries (HIPC)","HPC","4757702034.012","2824352742.42447","5455659990.17759","5521179380.66186","6953091868.66788","7576601730.58063","8770159238.07076","9962127675.56735","11747127206.3085","9089622543.56992","9047532223.68041",".."
Military expenditure (current USD),"MS.MIL.XPND.CD","High income","HIC","620125711963.807","612336612119.697","1310598680225.24","1276070160341.48","1235260205911.45","1219678694242.66","1141447429686.89","1135621144305.17","1169653487474.44","1240371723504.46","1279376195006.48",".."
Military expenditure (current USD),"MS.MIL.XPND.CD","IBRD only","IBD","81593561413.444","116474527378.781","444281139745.218","478453149977.06","519779334333.551","532130605387.195","507477742052.673","509283305634.038","541439573827.574","561355821662.485","584916963419.901",".."
Military expenditure (current USD),"MS.MIL.XPND.CD","IDA & IBRD total","IBT","93821790992.4503","134547960395.109","467397332485.834","499846454054.748","543095649164.844","557819849512.164","533553065688.023","536173803476.035","571712294401.609","591622846732.639","613098327861.367",".."
Military expenditure (current USD),"MS.MIL.XPND.CD","IDA blend","IDB","4029966723.45939","4164458886.87644","10687583725.5375","11521210422.4761","12246082357.5581","13532996914.7643","13311539753.5282","14047241447.356","15409407199.8505","17462885354.6365","14742401468.9733",".."
Military expenditure (current USD),"MS.MIL.XPND.CD","IDA only","IDX","8198262855.547","13908974129.451","12428609015.0777","9872093655.21274","11070232473.7353","12156247210.2046","12763783881.8229","12843256394.6417","14863313374.1848","12804139715.5174","13438962972.4926",".."
Military expenditure (current USD),"MS.MIL.XPND.CD","IDA total","IDA","12228229579.0064","18073433016.3274","23116192740.6152","21393304077.6888","23316314831.2934","25689244124.9689","26075323635.351","26890497841.9977","30272720574.0353","30267025070.1539","28181364441.4659",".."
Military expenditure (current USD),"MS.MIL.XPND.CD","Late-demographic dividend","LTE","42954504524.2106","72454981730.9303","335380424508.633","365452020596.646","401657984452.029","419073734455.845","376849181738.134","378926541483.23","396647426675.064","422950564253.038","433060204293.59",".."
Military expenditure (current USD),"MS.MIL.XPND.CD","Latin America & Caribbean","LCN","18390336641.763","27240878883.0351","73819638131.6912","75357018712.7266","78493355637.2606","72771725916.5484","59413242694.7075","56712031564.3243","64978707735.8644","63229125627.4406","61508229075.1037",".."
Military expenditure (current USD),"MS.MIL.XPND.CD","Latin America & Caribbean (excluding high income)","LAC","16957409995.7143","24581449480.9898","67161971824.6893","68797514152.6668","71707215762.3025","66445561993.5091","53610456170.0073","50711520312.6023","58241164649.1904","56250085986.8432","55013399600.8932",".."
Military expenditure (current USD),"MS.MIL.XPND.CD","Latin America & the Caribbean (IDA & IBRD countries)","TLA","18390336641.763","27240878883.0351","73725893638.2991","75230146466.0306","78373972377.3487","72646087150.0286","59294872650.6546","56588372616.8756","64856154816.8577","63100516500.4846","61508229075.1037",".."
Military expenditure (current USD),"MS.MIL.XPND.CD","Least developed countries: UN classification","LDC","6922861757.56624","13412647197.3219","12509127535.3452","12762061430.5426","15935454936.2354","17537633832.3892","14884449609.0106","14201746722.2783","16537444810.6965","13262435218.6923","13430856604.3256",".."
Military expenditure (current USD),"MS.MIL.XPND.CD","Low & middle income","LMY","89085078087.0008","127127393652.722","447865427436.487","481342190222.909","523706747849.519","538293021986.011","515026547960.667","518520588857.129","551601046286.09","568965161863.987","588700452217.583",".."
Military expenditure (current USD),"MS.MIL.XPND.CD","Low income","LIC","5086445976.64424","3512587085.50139","8213155450.03347","5166088769.51559","5878221426.83165","7152095744.25552","7368112349.3436","6940094732.65594","8675193483.81171","6435468608.99292","4819095877.97095",".."
Military expenditure (current USD),"MS.MIL.XPND.CD","Lower middle income","LMC","25843981975.8658","38246812139.279","95689570853.9794","93582374297.8734","99027834115.3535","105809482604.216","103852188572.226","108172706666.451","117399463789.396","120544588498.134","126026558824.021",".."
Military expenditure (current USD),"MS.MIL.XPND.CD","Middle East & North Africa","MEA","58318651340.933","56795438990.077","137418476926.623","152986196778.229","170889460782.039","182785572575.885","162648563556.707","138763987042.139","147886119429.823","150141842943.112","141803850769.405",".."
Military expenditure (current USD),"MS.MIL.XPND.CD","Middle East & North Africa (excluding high income)","MNA","23973651072.6335","17969079399.2528","43058914278.6069","46439276404.7989","48117797840.9382","45880649253.7613","44183408606.8569","41655105461.5816","42887738359.7635","39526529697.1509","43544528416.9313",".."
Military expenditure (current USD),"MS.MIL.XPND.CD","Middle East & North Africa (IDA & IBRD countries)","TMN","23973651072.6335","17969079399.2528","43058914278.6069","46439276404.7989","48117797840.9382","45880649253.7613","44183408606.8569","41655105461.5816","42887738359.7635","39526529697.1509","43544528416.9313",".."
Military expenditure (current USD),"MS.MIL.XPND.CD","Middle income","MIC","83998632110.3565","123614806567.221","439652271986.454","476176101453.393","517828526422.687","531140926241.756","507658435611.323","511580494124.473","542925852802.278","562529693254.994","583881356339.613",".."
Military expenditure (current USD),"MS.MIL.XPND.CD","North America","NAC","336543945832.925","328385709441.92","773681720863.722","745657107110.974","697744731209.944","665642720278.456","651767280894.741","657639218543.074","669022623323.323","705220727580.34","753949026224.567",".."
Military expenditure (current USD),"MS.MIL.XPND.CD","Not classified","INX","..","..","..","..","..","..","..","..","..","..","..",".."
Military expenditure (current USD),"MS.MIL.XPND.CD","OECD members","OED","586415615661.165","582063171341.491","1239914775877.48","1194568807012.9","1141408265759.54","1111451380903.13","1045153799883.62","1062876010954.39","1089673045728.82","1156191372510.13","1208889215699.27",".."
Military expenditure (current USD),"MS.MIL.XPND.CD","Other small states","OSS","..","1476880364.90139","3764836894.07204","3828862887.54831","3965664122.6128","4510884383.3515","4205720692.60576","4323220119.80728","4526374164.741","4677715049.84664","4480312139.28157",".."
Military expenditure (current USD),"MS.MIL.XPND.CD","Pacific island small states","PSS","..","..","..","..","..","..","..","..","..","..","..",".."
Military expenditure (current USD),"MS.MIL.XPND.CD","Post-demographic dividend","PST","571921938706.566","557451580933.615","1188153364293.9","1142403702060.85","1085297850423.01","1054802088362.56","995714649398.82","1011943078677.8","1035041893166.05","1097504734238.84","1150550498095.05",".."
Military expenditure (current USD),"MS.MIL.XPND.CD","Pre-demographic dividend","PRE","4771894025.3061","2943330107.3567","16148704930.0075","16385564269.885","23465402716.1452","24202147610.5382","24404193101.0264","19842067953.0788","23173546270.1263","18869617026.3915","19194275746.0087",".."
Military expenditure (current USD),"MS.MIL.XPND.CD","Small states","SST","..","1572187909.03564","4153174674.14915","4243244083.67825","4416322109.25186","4955065837.3044","4640447424.86618","4804832467.95716","5029472536.82859","5218039529.3728","5073542716.10845",".."
Military expenditure (current USD),"MS.MIL.XPND.CD","South Asia","SAS","13945113110.1629","18874870623.5258","60752379602.2996","58489489059.1387","59196047344.9339","64435940334.5438","66175430519.4311","72134974447.9752","81781409552.3982","83787833238.5625","88061261218.171",".."
Military expenditure (current USD),"MS.MIL.XPND.CD","South Asia (IDA & IBRD)","TSA","13945113110.1629","18874870623.5258","60752379602.2996","58489489059.1387","59196047344.9339","64435940334.5438","66175430519.4311","72134974447.9752","81781409552.3982","83787833238.5625","88061261218.171",".."
Military expenditure (current USD),"MS.MIL.XPND.CD","Sub-Saharan Africa","SSF","10679109457.2876","6361034224.11621","18232142939.0163","18761367115.8045","21753112624.7388","23280902618.361","20399647644.2431","19265392959.8582","21762961166.1669","18686252599.1956","17627010242.4756",".."
Military expenditure (current USD),"MS.MIL.XPND.CD","Sub-Saharan Africa (excluding high income)","SSA","10655085811.0967","6341348239.92937","18205918215.6717","18734780776.4382","21716145277.0388","23230249409.8958","20364459690.0538","19221473517.4378","21718807909.8306","18640607148.4017","17580661422.2595",".."
Military expenditure (current USD),"MS.MIL.XPND.CD","Sub-Saharan Africa (IDA & IBRD countries)","TSS","10679109457.2876","6361034224.11621","18232142939.0162","18761367115.8045","21753112624.7388","23280902618.361","20399647644.2431","19265392959.8582","21762961166.1669","18686252599.1956","17627010242.4756",".."
Military expenditure (current USD),"MS.MIL.XPND.CD","Upper middle income","UMC","58154650134.4907","85367994427.9419","343962701132.475","382593727155.52","418800692307.334","425331443637.54","403806247039.097","403407787458.022","425526389012.882","441985104756.861","457854797515.592",".."
Military expenditure (current USD),"MS.MIL.XPND.CD","World","WLD","709210790050.807","739464005772.419","1758464107661.73","1757412350564.39","1758966953760.97","1757971716228.67","1656473977647.56","1654141733162.3","1721254533760.53","1809336885368.45","1868076647224.06",".."